,曲名,アーティスト,アルバム,リリース日
0,Dance The Night Away,TWICE,Summer Nights,2018-07-09
1,What is Love?,TWICE,Summer Nights,2018-07-09
2,CHEER UP,TWICE,WHAT'S TWICE?,2017-02-24
3,TT,TWICE,TWICEcoaster : LANE2,2017-02-21
4,Heart Shaker,TWICE,Merry & Happy,2017-12-11
5,BDZ,TWICE,BDZ,2017-10-31
6,FANCY,TWICE,FANCY YOU,2019-04-22
7,Feel Special,TWICE,Feel Special,2019-09-23
8,Like OOH-AHH,TWICE,THE STORY BEGINS,2015
9,YES or YES,TWICE,YES or YES,2018-11-05
10,MORE & MORE,TWICE,MORE & MORE,2020-06-01
11,KNOCK KNOCK,TWICE,TWICEcoaster : LANE2,2017-02-21
12,I CAN'T STOP ME,TWICE,Eyes wide open,2020-10-26
13,Fanfare,TWICE,Perfect World,2021-07-28
14,CRY FOR ME,TWICE,CRY FOR ME,2020-12-18
15,The Feels,TWICE,The Feels,2021-10-01
16,SCIENTIST,TWICE,Formula of Love: O+T=<3,2021-11-12
17,Perfect World,TWICE,Perfect World,2021-07-28
18,Kura Kura,TWICE,Perfect World,2021-07-28
19,Talk that Talk,TWICE,BETWEEN 1&2,2022-08-26
20,Celebrate,TWICE,Celebrate,2022-07-15
21,Candy Pop,TWICE,BDZ,2017-10-31
22,SIGNAL,TWICE,SIGNAL,2017-05-15
23,POP!,NAYEON,IM NAYEON,2022-06-24
24,MOONLIGHT SUNRISE,TWICE,MOONLIGHT SUNRISE,2023-01-20
25,SET ME FREE,TWICE,READY TO BE,2023-03-10
26,Bouquet,MISAMO,Bouquet,2023-01-25
27,Hare Hare,TWICE,Hare Hare,2023-05-12
28,Do not touch,MISAMO,Do not touch,2023-07-14
29,Marshmallow,MISAMO,Marshmallow,2023-06-16
30,LIKEY,TWICE,twicetagram,2017-11-01
31,LOVE COUNTDOWN (feat. Wonstein),"NAYEON, Wonstein",IM NAYEON,2022-06-24
32,ONE SPARK,TWICE,With YOU-th,2024-02-23
33,I GOT YOU,TWICE,I GOT YOU (Voyage ver.),2024-02-06
34,Alcohol-Free,TWICE,Alcohol-Free,2021-06-09
35,DIVE,TWICE,DIVE,2024-07-17
36,Here I am,TWICE,DIVE,2024-07-17
37,NEW LOOK,MISAMO,NEW LOOK,2024-10-09
38,Identity,MISAMO,Identity,2024-10-28
